"participant","timestamp","OS","frameRate","ttotal","condition","rotation","used","StartDate","EndDate","Status","Progress","Duration..in.seconds.","Finished","RecordedDate","consent","age","sex","bodylength_cm","handedness","device","cursorcontrol","needvisioncorrection","wearvisioncorrection","usedhand","reappearingcursor","comments"
"216163","2021-01-20_19h40.10.425","MacIntel",60,486.010675,3,30,TRUE,"2021-01-21 00:36:44","2021-01-21 00:49:11","IP Address",100,746,TRUE,"2021-01-21 00:49:12","I agree to participate in the study",18,"Female",152,"Right","Laptop","Trackpad","Yes","Yes","Right","Not sure",NA
"216241","2021-01-15_16h41.37.742","Win32",60,1174.562515,0,60,TRUE,"2021-01-15 21:37:51","2021-01-15 22:02:20","IP Address",100,1468,TRUE,"2021-01-15 22:02:20","I agree to participate in the study",18,"Female",152,"Right","PC","Mouse","Yes","Yes","Right","Not sure",NA
"216331","2021-01-19_20h27.56.932","Win32",60,866.67309,0,60,TRUE,"2021-01-20 01:19:17","2021-01-20 01:43:51","IP Address",100,1473,TRUE,"2021-01-20 01:43:52","I agree to participate in the study",18,"Female",155,"Right","Laptop","Trackpad","Yes","Yes","Right","No",NA
"216571","2021-01-15_20h05.06.290","MacIntel",60,1022.934,0,60,TRUE,"2021-01-16 01:02:13","2021-01-16 01:24:37","IP Address",100,1343,TRUE,"2021-01-16 01:24:37","I agree to participate in the study",24,"Female",163,"Right","PC","Mouse","No",NA,"Right","No",NA
"216586","2021-01-18_07h55.15.001","Win32",60,618.20913,2,60,TRUE,"2021-01-18 13:15:59","2021-01-18 13:19:54","IP Address",100,235,TRUE,"2021-01-18 13:19:54","I agree to participate in the study",18,"Female",165,"Right","Laptop","Mouse","Yes","Yes","Right","Not sure",NA
"216592","2021-01-16_19h03.13.759","MacIntel",60,677.923,4,30,TRUE,"2021-01-16 23:48:30","2021-01-17 00:15:31","IP Address",100,1621,TRUE,"2021-01-17 00:15:32","I agree to participate in the study",22,"Female",164,"Left","Laptop","Trackpad","Yes","Yes","Right","Not sure",NA
"216775","2021-01-18_12h32.34.943","Win32",60,557.21267,0,60,TRUE,"2021-01-18 17:25:42","2021-01-18 17:42:53","IP Address",100,1030,TRUE,"2021-01-18 17:42:53","I agree to participate in the study",20,"Male",185,"Right","PC","Mouse","Yes","Yes","Right","No",NA
"216799","2021-01-15_22h48.31.038","Win32",60,587.97995,2,30,TRUE,"2021-01-16 03:46:46","2021-01-16 03:59:45","IP Address",100,779,TRUE,"2021-01-16 03:59:46","I agree to participate in the study",29,"Female",164,"Right","Laptop","Trackpad","No",NA,"Right","Yes",NA
"216955","2021-01-18_12h32.16.255","Win32",60,1403.032755,3,60,TRUE,"2021-01-18 17:18:54","2021-01-18 17:59:44","IP Address",100,2450,TRUE,"2021-01-18 17:59:44","I agree to participate in the study",18,"Female",155,"Right","Laptop","Trackpad","Yes","Yes","Right","No",NA
"217012","2021-01-15_16h00.02.724","MacIntel",60,634.584,5,60,TRUE,"2021-01-15 20:56:52","2021-01-15 21:11:33","IP Address",100,880,TRUE,"2021-01-15 21:11:33","I agree to participate in the study",20,"Female",160,"Right","Laptop","Trackpad","Yes","Yes","Right","Not sure",NA
"217159","2021-01-20_16h13.40.893","MacIntel",60,517.10583,3,30,TRUE,"2021-01-20 21:12:03","2021-01-20 21:23:47","IP Address",100,703,TRUE,"2021-01-20 21:23:47","I agree to participate in the study",22,"Female",166,"Right","Laptop","Trackpad","No",NA,"Right","No",NA
"217303","2021-01-19_16h40.46.377","MacIntel",60,808.51225,2,60,TRUE,"2021-01-19 21:38:17","2021-01-19 21:55:46","IP Address",100,1049,TRUE,"2021-01-19 21:55:46","I agree to participate in the study",18,"Female",161,"Right","Laptop","Trackpad","No",NA,"Right","No",NA
"217315","2021-01-15_13h05.17.567","MacIntel",60,758.338,1,60,TRUE,"2021-01-15 18:03:43","2021-01-15 18:19:04","IP Address",100,920,TRUE,"2021-01-15 18:19:05","I agree to participate in the study",19,"Female",167.5,"Right","Laptop","Trackpad","No",NA,"Right","Yes",NA
"217675","2021-01-19_16h30.10.021","MacIntel",60,664.464435,1,30,TRUE,"2021-01-19 21:26:22","2021-01-19 21:42:25","IP Address",100,962,TRUE,"2021-01-19 21:42:25","I agree to participate in the study",18,"Female",157,"Right","Laptop","Trackpad","No",NA,"Right","Yes","N/A"
"217798","2021-01-17_12h05.17.868","MacIntel",60,508.739,3,30,TRUE,"2021-01-17 17:02:01","2021-01-17 17:14:43","IP Address",100,762,TRUE,"2021-01-17 17:14:43","I agree to participate in the study",18,"Female",162.5,"Left","Laptop","Trackpad","No",NA,"Right","No",NA
"217852","2021-01-20_23h22.04.286","Win32",60,615.436465,4,30,TRUE,"2021-01-20 19:09:57","2021-01-20 19:36:20","IP Address",100,1583,TRUE,"2021-01-20 19:36:20","I agree to participate in the study",19,"Male",177,"Right","Laptop","Trackpad","No",NA,"Right","No","thanks ."
"217930","2021-01-20_12h36.32.430","MacIntel",60,682.426325,1,60,TRUE,"2021-01-20 17:30:49","2021-01-20 17:50:02","IP Address",100,1153,TRUE,"2021-01-20 17:50:03","I agree to participate in the study",18,"Female",175,"Right","Laptop","Trackpad","Yes","Yes","Right","No",NA
"217978","2021-01-15_14h49.50.194","MacIntel",60,639.13428,4,60,TRUE,"2021-01-15 19:46:03","2021-01-15 20:01:30","IP Address",100,927,TRUE,"2021-01-15 20:01:31","I agree to participate in the study",21,"Female",158,"Right","Laptop","Trackpad","No",NA,"Right","Yes",NA
"218047","2021-01-15_22h26.54.472","Win32",60,546.88777,5,60,TRUE,"2021-01-16 03:24:59","2021-01-16 03:46:46","IP Address",100,1306,TRUE,"2021-01-16 03:46:46","I agree to participate in the study",18,"Male",181,"Right","Laptop","Mouse","Yes","Yes","Right","No",NA
"218074","2021-01-19_18h05.54.892","MacIntel",60,682.87563,2,30,TRUE,"2021-01-19 23:02:49","2021-01-19 23:31:18","IP Address",100,1708,TRUE,"2021-01-19 23:31:18","I agree to participate in the study",18,"Female",165.5,"Right","Laptop","Mouse","No",NA,"Right","No",NA
"218140","2021-01-17_19h29.31.145","Win32",60,695.447085,3,30,TRUE,"2021-01-18 00:27:03","2021-01-18 00:42:30","IP Address",100,927,TRUE,"2021-01-18 00:42:31","I agree to participate in the study",18,"Female",165,"Right","Laptop","Mouse","No",NA,"Right","Not sure",NA
"218299","2021-01-12_23h01.53.546","Win32",60,620.99917,5,60,TRUE,"2021-01-13 03:56:58","2021-01-13 04:15:40","IP Address",100,1121,TRUE,"2021-01-13 04:15:40","I agree to participate in the study",18,"Male",184,"Right","Laptop","Mouse","No",NA,"Right",NA,NA
"218350","2021-01-17_20h58.29.783","Win32",60,500.899955,5,30,TRUE,"2021-01-18 01:56:09","2021-01-18 02:08:12","IP Address",100,722,TRUE,"2021-01-18 02:08:12","I agree to participate in the study",18,"Male",182,"Right","PC","Mouse","No",NA,"Right","No",NA
"218440","2021-01-19_17h34.09.210","MacIntel",60,997.790415,5,60,TRUE,"2021-01-19 22:29:56","2021-01-19 22:52:01","IP Address",100,1325,TRUE,"2021-01-19 22:52:02","I agree to participate in the study",19,"Female",166,"Right","Laptop","Trackpad","Yes","Yes","Right","No",NA
"218467","2021-01-15_11h05.28.406","MacIntel",60,614.314,2,60,TRUE,"2021-01-15 16:03:57","2021-01-15 16:16:55","IP Address",100,777,TRUE,"2021-01-15 16:16:55","I agree to participate in the study",19,"Female",168,"Right","Laptop","Trackpad","No",NA,"Right","Yes",NA
"218563","2021-01-20_23h41.40.261","Win32",60,526.273125,5,30,TRUE,"2021-01-21 04:39:04","2021-01-21 04:54:20","IP Address",100,915,TRUE,"2021-01-21 04:54:20","I agree to participate in the study",21,"Male",180,"Right","Laptop","Mouse","Yes","Yes","Right","No",NA
"218596","2021-01-19_15h26.12.711","MacIntel",60,959.526745,0,60,TRUE,"2021-01-19 20:23:07","2021-01-19 20:44:59","IP Address",100,1311,TRUE,"2021-01-19 20:44:59","I agree to participate in the study",21,"Female",170,"Right","Laptop","Trackpad","No",NA,"Right","Not sure",NA
"218704","2021-01-16_02h36.54.865","Win32",60,509.12587,0,30,TRUE,"2021-01-16 07:31:19","2021-01-16 07:47:10","IP Address",100,951,TRUE,"2021-01-16 07:47:11","I agree to participate in the study",19,"Female",180,"Right","PC","Trackpad","Yes","Yes","Right","No",NA
"218857","2021-01-17_23h26.37.275","MacIntel",60,494.903,5,30,TRUE,"2021-01-18 04:22:18","2021-01-18 04:37:35","IP Address",100,917,TRUE,"2021-01-18 04:37:35","I agree to participate in the study",18,"Female",156,"Right","Laptop","Trackpad","No",NA,"Right","No",NA
"218875","2021-01-15_15h43.58.411","MacIntel",60,677.33052,4,60,TRUE,"2021-01-15 20:40:32","2021-01-15 20:57:11","IP Address",100,999,TRUE,"2021-01-15 20:57:12","I agree to participate in the study",18,"Female",162,"Right","Laptop","Trackpad","No",NA,"Right","Not sure",NA
"219127","2021-01-20_15h10.30.117","Win32",60,475.235455,5,30,TRUE,"2021-01-20 20:06:01","2021-01-20 20:19:39","IP Address",100,817,TRUE,"2021-01-20 20:19:39","I agree to participate in the study",18,"Female",167,"Right","PC","Mouse","No",NA,"Right","Not sure",NA
"219181","2021-01-16_22h28.35.440","Linux x86_64",60,819.76837,5,60,TRUE,"2021-01-13 03:19:32","2021-01-13 03:26:33","IP Address",100,421,TRUE,"2021-01-13 03:26:33","I agree to participate in the study",18,"Female",157,"Right","Laptop","Trackpad","Yes","Yes","Right",NA,NA
"219250","2021-01-20_13h26.44.532","MacIntel",60,623.60775,3,30,TRUE,"2021-01-20 18:22:42","2021-01-20 19:08:03","IP Address",100,2720,TRUE,"2021-01-20 19:08:03","I agree to participate in the study",18,"Female",153,"Right","Laptop","Trackpad","No",NA,"Right","Not sure",NA
"219265","2021-01-17_19h25.26.218","MacIntel",60,594.098475,5,60,TRUE,"2021-01-18 00:20:34","2021-01-18 00:36:37","IP Address",100,962,TRUE,"2021-01-18 00:36:37","I agree to participate in the study",18,"Female",165,"Right","Laptop","Trackpad","No",NA,"Right","No",NA
"219334","2021-01-17_21h54.31.697","Win32",60,490.784435,4,30,TRUE,"2021-01-18 02:45:53","2021-01-18 03:03:45","IP Address",100,1071,TRUE,"2021-01-18 03:03:45","I agree to participate in the study",20,"Female",153,"Right","Laptop","Trackpad","No",NA,"Right","Not sure",NA
"219382","2021-01-19_13h59.57.753","Win32",60,622.076635,3,30,TRUE,"2021-01-19 18:54:43","2021-01-19 19:11:09","IP Address",100,985,TRUE,"2021-01-19 19:11:09","I agree to participate in the study",18,"Female",164,"Right","Laptop","Trackpad","Yes","Yes","Right","Yes",NA
"219391","2021-01-16_19h03.58.120","MacIntel",60,496.065,0,30,TRUE,"2021-01-15 18:09:45","2021-01-17 00:13:17","IP Address",100,108211,TRUE,"2021-01-17 00:13:17","I agree to participate in the study",18,"Female",157,"Right","Laptop","Trackpad","Yes","Yes","Right","Yes",NA
"219430","2021-01-17_14h17.09.719","Win32",60,1052.250985,1,60,TRUE,"2021-01-17 19:12:32","2021-01-17 19:35:47","IP Address",100,1394,TRUE,"2021-01-17 19:35:47","I agree to participate in the study",19,"Female",166,"Right","Laptop","Trackpad","No",NA,"Right","No",NA
"219589","2021-01-20_20h21.01.376","Win32",60,548.23431,4,30,TRUE,"2021-01-21 01:12:16","2021-01-21 01:31:32","IP Address",100,1156,TRUE,"2021-01-21 01:31:32","I agree to participate in the study",21,"Female",160,"Right","Laptop","Mouse","No",NA,"Right","No",NA
"219847","2021-01-19_22h11.15.188","MacIntel",60,457.009755,4,30,TRUE,"2021-01-20 03:06:43","2021-01-20 03:19:57","IP Address",100,794,TRUE,"2021-01-20 03:19:57","I agree to participate in the study",26,"Other / prefer not to say",172,"Right","Laptop","Trackpad","Yes","Yes","Right","No",NA
"219919","2021-01-16_14h39.27.121","MacIntel",60,933.594665,1,60,TRUE,"2021-01-16 19:34:56","2021-01-16 19:57:55","IP Address",100,1378,TRUE,"2021-01-16 19:57:55","I agree to participate in the study",18,"Female",161,"Left","Laptop","Trackpad","Yes","Yes","Right","No","When there were about 120 ish trials left it became extremely difficult to control the black dot with my trackpad."
"219928","2021-01-17_16h35.43.133","MacIntel",60,495.73147,4,30,TRUE,"2021-01-17 21:33:31","2021-01-17 21:45:16","IP Address",100,705,TRUE,"2021-01-17 21:45:16","I agree to participate in the study",20,"Female",163,"Right","Laptop","Trackpad","No",NA,"Right","No",NA
"219934","2021-01-16_16h04.06.360","Win32",60,596.854505,1,30,TRUE,"2021-01-16 07:57:25","2021-01-16 08:16:23","IP Address",100,1138,TRUE,"2021-01-16 08:16:24","I agree to participate in the study",19,"Female",161,"Right","Laptop","Mouse","Yes","Yes","Right","Yes","No"
"219940","2021-01-15_20h01.00.443","Win32",60,663.67661,1,60,TRUE,"2021-01-16 00:52:03","2021-01-16 01:30:22","IP Address",100,2299,TRUE,"2021-01-16 01:30:22","I agree to participate in the study",46,"Male",183,"Right","Laptop","Trackpad","No",NA,"Right","Yes","I did not like the big grey dot along with the mouse cursor. Made it really frustrating as sometimes the cursor would tend to get 'stuck', wasting more time to get to the next dot. Also, it would be advisable to get the countdown to 1 after touching every dot like a normal game, rather than touching the dot two times in order for the countdown to decrement by 1. If the things mentioned above had taken effect, this experiment would have taken much less time and would have actually been a fun 'game'."
"220039","2021-01-20_14h08.07.857","MacIntel",60,545.919,0,30,TRUE,"2021-01-20 19:02:31","2021-01-20 19:27:02","IP Address",100,1470,TRUE,"2021-01-20 19:27:02","I agree to participate in the study",25,"Female",122,"Right","Laptop","Trackpad","No",NA,"Right","Yes",NA
"220072","2021-01-17_14h28.59.004","Linux x86_64",60,779.903555,1,30,TRUE,"2021-01-17 19:27:08","2021-01-17 19:56:45","IP Address",100,1777,TRUE,"2021-01-17 19:56:45","I agree to participate in the study",21,"Female",156,"Right","Laptop","Trackpad","No",NA,"Right","No",NA
"220090","2021-01-17_01h21.04.373","MacIntel",60,542.04373,2,30,TRUE,"2021-01-17 06:19:26","2021-01-17 06:31:06","IP Address",100,699,TRUE,"2021-01-17 06:31:06","I agree to participate in the study",18,"Female",165,"Right","Laptop","Trackpad","Yes","Yes","Right","Not sure",NA
"220123","2021-01-20_15h30.17.054","Win32",60,990.71779,3,60,TRUE,"2021-01-20 20:25:04","2021-01-20 20:47:54","IP Address",100,1370,TRUE,"2021-01-20 20:47:54","I agree to participate in the study",18,"Female",185,"Left","Laptop","Trackpad","No",NA,"Right","No",NA
"220165","2021-01-20_11h00.26.302","MacIntel",60,704.158,2,60,TRUE,"2021-01-20 15:44:19","2021-01-20 16:15:22","IP Address",100,1863,TRUE,"2021-01-20 16:15:22","I agree to participate in the study",19,"Female",160,"Right","Laptop","Trackpad","Yes","Yes","Right","Not sure",NA
"220201","2021-01-16_23h21.35.759","Win32",60,794.26417,0,60,TRUE,"2021-01-17 04:17:45","2021-01-17 04:50:09","IP Address",100,1943,TRUE,"2021-01-17 04:50:09","I agree to participate in the study",18,"Female",165,"Right","Laptop","Trackpad","Yes","Yes","Right","Yes",NA
"220234","2021-01-20_17h12.47.069","Win32",60,448.35214,0,30,TRUE,"2021-01-20 22:10:52","2021-01-20 22:21:58","IP Address",100,665,TRUE,"2021-01-20 22:21:58","I agree to participate in the study",21,"Male",185,"Right","PC","Mouse","Yes","Yes","Right","Yes",NA
"220408","2021-01-16_10h22.30.594","Win32",60,661.464545,4,60,TRUE,"2021-01-16 15:19:20","2021-01-16 15:34:43","IP Address",100,923,TRUE,"2021-01-16 15:34:43","I agree to participate in the study",21,"Female",175,"Right","Laptop","Trackpad","No",NA,"Right","Yes","How did u change the mouse inputs?"
"220453","2021-01-17_15h23.40.734","Win32",60,462.51184,3,30,TRUE,"2021-01-17 20:15:49","2021-01-17 20:32:23","IP Address",100,994,TRUE,"2021-01-17 20:32:24","I agree to participate in the study",20,"Male",170,"Right","Laptop","Mouse","No",NA,"Right","No",NA
"220546","2021-01-18_11h33.26.772","MacIntel",60,617.59521,4,60,TRUE,"2021-01-18 16:26:20","2021-01-18 16:44:52","IP Address",100,1111,TRUE,"2021-01-18 16:44:52","I agree to participate in the study",22,"Female",155,"Right","Laptop","Trackpad","Yes","Yes","Right","Yes",NA
"220636","2021-01-16_05h46.01.119","MacIntel",60,546.695,5,30,TRUE,"2021-01-16 10:42:05","2021-01-16 10:55:58","IP Address",100,832,TRUE,"2021-01-16 10:55:58","I agree to participate in the study",18,"Female",149.86,"Right","Laptop","Trackpad","No",NA,"Right","Yes",NA
"220795","2021-01-15_14h16.12.791","Win32",60,961.49704,5,60,TRUE,"2021-01-15 19:10:34","2021-01-15 19:38:30","IP Address",100,1676,TRUE,"2021-01-15 19:38:31","I agree to participate in the study",20,"Female",159,"Right","Laptop","Trackpad","Yes","Yes","Right","Yes","The touchpad moved unusual at the end. I couldn't move the mouse cursor to a way that I wanted to."
"220855","2021-01-17_19h10.52.372","MacIntel",60,934.013,0,60,TRUE,"2021-01-18 00:08:48","2021-01-18 00:39:13","IP Address",100,1824,TRUE,"2021-01-18 00:39:13","I agree to participate in the study",20,"Female",5,"Right","Laptop","Trackpad","No",NA,"Left","Not sure",NA
"220873","2021-01-13_11h29.17.347","Win32",60,691.56099,2,60,TRUE,"2021-01-13 16:23:31","2021-01-13 16:41:45","IP Address",100,1093,TRUE,"2021-01-13 16:41:45","I agree to participate in the study",18,"Female",158.496,"Right","Laptop","Mouse","No",NA,"Right",NA,NA
"220912","2021-01-16_18h50.31.595","Win32",60,470.699055,0,30,TRUE,"2021-01-16 23:47:10","2021-01-17 00:00:16","IP Address",100,785,TRUE,"2021-01-17 00:00:16","I agree to participate in the study",18,"Female",162,"Left","Laptop","Mouse","No",NA,"Right","Not sure",NA
"221065","2021-01-20_22h30.22.612","MacIntel",60,726.443,4,60,TRUE,"2021-01-21 02:27:32","2021-01-21 02:43:37","IP Address",100,965,TRUE,"2021-01-21 02:43:38","I agree to participate in the study",20,"Female",152,"Right","Laptop","Trackpad","No",NA,"Right","Yes",NA
"221083","2021-01-18_13h06.05.587","MacIntel",60,758.43386,5,60,TRUE,"2021-01-18 18:01:55","2021-01-18 18:20:19","IP Address",100,1104,TRUE,"2021-01-18 18:20:20","I agree to participate in the study",18,"Female",175,"Right","Laptop","Trackpad","No",NA,"Right","No",NA
"221125","2021-01-20_18h43.41.632","MacIntel",60,533.9786,1,30,TRUE,"2021-01-20 23:38:38","2021-01-21 00:04:28","IP Address",100,1549,TRUE,"2021-01-21 00:04:28","I agree to participate in the study",21,"Female",170,"Right","Laptop","Trackpad","No",NA,"Right","Yes",NA
"221191","2021-01-17_18h29.12.768","MacIntel",60,494.82189,5,30,TRUE,"2021-01-17 23:25:07","2021-01-17 23:47:53","IP Address",100,1365,TRUE,"2021-01-17 23:47:53","I agree to participate in the study",18,"Female",152.4,"Right","Laptop","Trackpad","No",NA,"Right","No",NA
"221254","2021-01-20_19h53.03.513","MacIntel",60,667.262,2,30,TRUE,"2021-01-21 00:51:02","2021-01-21 01:07:17","IP Address",100,975,TRUE,"2021-01-21 01:07:18","I agree to participate in the study",21,"Female",151,"Right","Laptop","Trackpad","Yes","Yes","Right","No",NA
"221335","2021-01-17_21h58.46.159","MacIntel",60,526.951505,0,30,TRUE,"2021-01-18 02:54:47","2021-01-18 03:08:31","IP Address",100,824,TRUE,"2021-01-18 03:08:32","I agree to participate in the study",19,"Female",165,"Left","Laptop","Trackpad","No",NA,"Left","Not sure",NA
"221341","2021-01-16_23h52.24.829","MacIntel",60,978.667435,4,60,TRUE,"2021-01-17 04:45:25","2021-01-17 05:10:30","IP Address",100,1504,TRUE,"2021-01-17 05:10:30","I agree to participate in the study",18,"Female",163,"Right","Laptop","Trackpad","Yes","Yes","Right","Yes","I felt my cursor was not working properly... Sorry."
"221368","2021-01-18_11h01.19.394","Win32",60,1058.94656,1,60,TRUE,"2021-01-18 15:58:07","2021-01-18 16:20:22","IP Address",100,1334,TRUE,"2021-01-18 16:20:22","I agree to participate in the study",35,"Male",182,"Right","Laptop","Mouse","Yes","Yes","Right","No",NA
"221371","2021-01-18_18h49.52.652","MacIntel",60,597.178655,0,30,TRUE,"2021-01-18 23:47:17","2021-01-19 22:20:40","IP Address",100,81202,TRUE,"2021-01-19 22:20:40","I agree to participate in the study",18,"Female",175,"Right","Laptop","Trackpad","No",NA,"Right","Not sure",NA
"221404","2021-01-14_20h33.55.183","MacIntel",60,512.383,1,30,TRUE,"2021-01-15 01:29:21","2021-01-15 01:43:40","IP Address",100,859,TRUE,"2021-01-15 01:43:40","I agree to participate in the study",18,"Female",158,"Right","Laptop","Trackpad","Yes","Yes","Right",NA,NA
"221500","2021-01-17_00h07.45.903","MacIntel",60,654.815755,1,30,TRUE,"2021-01-17 05:02:21","2021-01-17 05:22:01","IP Address",100,1179,TRUE,"2021-01-17 05:22:01","I agree to participate in the study",20,"Female",160,"Right","Laptop","Trackpad","No",NA,"Right","Yes",NA
"221524","2021-01-18_15h57.15.696","Win32",60,946.058065,4,60,TRUE,"2021-01-18 20:50:11","2021-01-18 21:15:38","IP Address",100,1526,TRUE,"2021-01-18 21:15:38","I agree to participate in the study",20,"Female",165,"Right","Laptop","Trackpad","No",NA,"Right","No",NA
"221596","2021-01-17_18h51.15.725","MacIntel",60,698.41,4,30,TRUE,"2021-01-17 23:45:33","2021-01-18 00:24:49","IP Address",100,2356,TRUE,"2021-01-18 00:24:50","I agree to participate in the study",18,"Female",180,"Right","Laptop","Trackpad","No",NA,"Right","No",NA
"221602","2021-01-17_17h01.09.463","MacIntel",60,591.028,3,30,TRUE,"2021-01-17 21:54:14","2021-01-17 22:12:24","IP Address",100,1090,TRUE,"2021-01-17 22:12:25","I agree to participate in the study",20,"Male",167,"Right","Laptop","Mouse","No",NA,"Right","Yes",NA
"221785","2021-01-15_16h52.53.471","Win32",60,832.14828,3,60,TRUE,"2021-01-15 21:51:12","2021-01-15 22:07:54","IP Address",100,1002,TRUE,"2021-01-15 22:07:54","I agree to participate in the study",21,"Male",180,"Right","Laptop","Trackpad","No",NA,"Right","No",NA
"221860","2021-01-17_21h53.48.756","Win32",60,383.45552,2,30,TRUE,"2021-01-18 02:49:22","2021-01-18 03:01:17","IP Address",100,714,TRUE,"2021-01-18 03:01:17","I agree to participate in the study",21,"Male",183,"Right","PC","Mouse","No",NA,"Right","Not sure",NA
"221887","2021-01-17_12h09.10.204","MacIntel",60,655.32838,5,30,TRUE,"2021-01-17 17:03:19","2021-01-17 17:30:51","IP Address",100,1652,TRUE,"2021-01-17 17:30:51","I agree to participate in the study",19,"Female",160,"Right","Laptop","Trackpad","Yes","Yes","Right","Yes",NA
"221941","2021-01-17_15h45.11.200","MacIntel",60,725.854435,5,30,TRUE,"2021-01-17 20:39:40","2021-01-17 21:09:44","IP Address",100,1803,TRUE,"2021-01-17 21:09:44","I agree to participate in the study",22,"Male",163,"Right","Laptop","Trackpad","No",NA,"Right","No",NA
"222025","2021-01-19_14h11.48.670","MacIntel",60,667.100855,4,30,TRUE,"2021-01-19 19:06:11","2021-01-19 19:24:24","IP Address",100,1093,TRUE,"2021-01-19 19:24:25","I agree to participate in the study",18,"Female",152,"Right","Laptop","Trackpad","No",NA,"Right","Yes",NA
"222115","2021-01-15_20h23.13.231","Win32",60,456.038905,3,30,TRUE,"2021-01-15 16:13:07","2021-01-16 01:31:50","IP Address",100,33523,TRUE,"2021-01-16 01:31:51","I agree to participate in the study",27,"Female",167,"Right","Laptop","Mouse","No",NA,"Right","No",NA
"222175","2021-01-17_22h39.37.592","MacIntel",60,479.541,1,30,TRUE,"2021-01-18 03:34:58","2021-01-18 03:49:05","IP Address",100,847,TRUE,"2021-01-18 03:49:06","I agree to participate in the study",18,"Female",167,"Right","Laptop","Trackpad","No",NA,"Right","Yes",NA
"222232","2021-01-17_16h56.42.053","MacIntel",60,814.133,4,30,TRUE,"2021-01-17 21:52:15","2021-01-17 22:11:57","IP Address",100,1181,TRUE,"2021-01-17 22:11:57","I agree to participate in the study",18,"Male",180,"Right","Laptop","Mouse","No",NA,"Right","Not sure",NA
"222256","2021-01-18_18h49.43.723","Win32",60,560.91855,3,30,TRUE,"2021-01-18 23:41:22","2021-01-19 00:01:48","IP Address",100,1225,TRUE,"2021-01-19 00:01:48","I agree to participate in the study",19,"Male",188,"Right","PC","Mouse","No",NA,"Right","Yes",NA
"222337","2021-01-17_12h37.23.680","MacIntel",60,551.488805,0,30,TRUE,"2021-01-17 17:35:16","2021-01-17 17:57:47","IP Address",100,1350,TRUE,"2021-01-17 17:57:47","I agree to participate in the study",21,"Female",162,"Right","Laptop","Trackpad","No",NA,"Right","Not sure",NA
"222388","2021-01-14_16h57.08.861","MacIntel",60,614.44417,5,60,TRUE,"2021-01-14 21:54:01","2021-01-14 22:08:26","IP Address",100,864,TRUE,"2021-01-14 22:08:26","I agree to participate in the study",20,"Female",153,"Right","Laptop","Trackpad","Yes","Yes","Right",NA,NA
"222397","2021-01-16_16h17.04.354","Win32",60,894.34819,3,60,TRUE,"2021-01-16 21:06:02","2021-01-16 21:33:03","IP Address",100,1621,TRUE,"2021-01-16 21:33:04","I agree to participate in the study",20,"Male",182.88,"Right","Laptop","Trackpad","No",NA,"Right","Yes",NA
"222409","2021-01-19_13h55.53.128","MacIntel",60,676.278,0,60,TRUE,"2021-01-19 18:51:06","2021-01-19 19:17:10","IP Address",100,1564,TRUE,"2021-01-19 19:17:10","I agree to participate in the study",19,"Female",166,"Right","Laptop","Trackpad","No",NA,"Right","Yes",NA
"222418","2021-01-17_20h13.12.650","Win32",60,522.283405,1,30,TRUE,"2021-01-18 01:11:40","2021-01-18 01:22:49","IP Address",100,669,TRUE,"2021-01-18 01:22:49","I agree to participate in the study",18,"Male",190,"Right","PC","Mouse","No",NA,"Right","No",NA
"222526","2021-01-19_23h10.34.899","MacIntel",60,540.952495,2,30,TRUE,"2021-01-20 04:04:36","2021-01-20 04:21:24","IP Address",100,1008,TRUE,"2021-01-20 04:21:24","I agree to participate in the study",18,"Female",151,"Right","Laptop","Mouse","Yes","Yes","Right","No",NA
"222592","2021-01-20_11h21.58.779","Win32",60,847.554525,4,60,TRUE,"2021-01-20 16:17:35","2021-01-20 16:37:31","IP Address",100,1195,TRUE,"2021-01-20 16:37:31","I agree to participate in the study",18,"Female",157,"Right","Laptop","Trackpad","No",NA,"Right","No",NA
"222733","2021-01-16_12h34.14.029","MacIntel",60,580.381,4,30,TRUE,"2021-01-16 17:24:37","2021-01-16 17:45:23","IP Address",100,1246,TRUE,"2021-01-16 17:45:24","I agree to participate in the study",18,"Female",167,"Right","Laptop","Trackpad","Yes","Yes","Right","Not sure",NA
"222865","2021-01-14_20h39.13.158","MacIntel",60,674.621,1,30,TRUE,"2021-01-14 02:18:38","2021-01-15 01:52:24","IP Address",100,84826,TRUE,"2021-01-15 01:52:24","I agree to participate in the study",18,"Female",160,"Right","Laptop","Trackpad","No",NA,"Right",NA,"This study really had my mind focused on this activity and this activity only for about 20 minutes straight."
"222913","2021-01-19_15h33.22.201","MacIntel",60,723.10987,4,60,TRUE,"2021-01-19 20:28:05","2021-01-19 20:47:08","IP Address",100,1143,TRUE,"2021-01-19 20:47:09","I agree to participate in the study",18,"Male",170,"Right","Laptop","Mouse","No",NA,"Right","Yes",NA
"223267","2021-01-17_23h11.01.095","MacIntel",60,555.581,2,30,TRUE,"2021-01-17 17:38:53","2021-01-17 17:51:29","IP Address",100,756,TRUE,"2021-01-17 17:51:29","I agree to participate in the study",22,"Male",167,"Right","Laptop","Trackpad","Yes","Yes","Right","No",NA
"223297","2021-01-17_00h29.06.928","Win32",60,542.963945,5,30,TRUE,"2021-01-17 05:25:16","2021-01-17 05:39:33","IP Address",100,857,TRUE,"2021-01-17 05:39:34","I agree to participate in the study",18,"Female",130,"Right","Laptop","Trackpad","No",NA,"Right","No","my hand hurts"
"223330","2021-01-19_15h42.42.941","MacIntel",60,830.176335,1,60,TRUE,"2021-01-19 21:39:00","2021-01-19 22:00:18","IP Address",100,1278,TRUE,"2021-01-19 22:00:18","I agree to participate in the study",18,"Male",190,"Right","Laptop","Trackpad","No",NA,"Right","No","it was mad long, got my finger hurting man"
"223345","2021-01-17_10h46.43.904","Win32",60,414.51541,1,30,TRUE,"2021-01-17 15:44:39","2021-01-17 15:54:56","IP Address",100,616,TRUE,"2021-01-17 15:54:56","I agree to participate in the study",20,"Male",165,"Right","Laptop","Mouse","No",NA,"Right","Yes","N/A"
"223393","2021-01-19_23h08.00.437","MacIntel",60,1081.12,5,30,TRUE,"2021-01-20 04:04:55","2021-01-20 04:27:17","IP Address",100,1342,TRUE,"2021-01-20 04:27:17","I agree to participate in the study",18,"Female",162,"Right","Laptop","Trackpad","No",NA,"Right","No",NA
"223507","2021-01-15_15h07.18.076","Win32",60,978.2009,2,60,TRUE,"2021-01-15 20:05:13","2021-01-15 20:24:54","IP Address",100,1180,TRUE,"2021-01-15 20:24:54","I agree to participate in the study",19,"Male",185,"Right","Laptop","Trackpad","No",NA,"Right","Not sure",NA
"223534","2021-01-17_21h03.19.940","Win32",60,930.56543,1,60,TRUE,"2021-01-18 01:58:08","2021-01-18 02:22:20","IP Address",100,1452,TRUE,"2021-01-18 02:22:21","I agree to participate in the study",19,"Female",157,"Left","Laptop","Trackpad","Yes","Yes","Left","No",NA
"223624","2021-01-16_18h53.51.682","Win32",60,460.905365,1,30,TRUE,"2021-01-16 20:26:00","2021-01-17 00:17:36","IP Address",100,13896,TRUE,"2021-01-17 00:17:36","I agree to participate in the study",19,"Female",150,"Right","Laptop","Trackball","No",NA,"Right","Not sure",NA
"223660","2021-01-17_23h51.08.613","MacIntel",60,802.184,0,60,TRUE,"2021-01-18 04:47:46","2021-01-18 05:06:03","IP Address",100,1096,TRUE,"2021-01-18 05:06:04","I agree to participate in the study",21,"Female",163,"Right","Laptop","Trackpad","Yes","Yes","Right","No",NA
"223720","2021-01-20_21h23.18.567","Win32",60,944.284275,2,60,TRUE,"2021-01-21 00:45:21","2021-01-21 02:55:05","IP Address",100,7783,TRUE,"2021-01-21 02:55:05","I agree to participate in the study",19,"Male",166,"Right","Laptop","Trackpad","Yes","Yes","Right","Not sure",NA
"224050","2021-01-16_21h41.36.933","MacIntel",60,499.40132,2,30,TRUE,"2021-01-17 02:38:38","2021-01-17 02:51:20","IP Address",100,761,TRUE,"2021-01-17 02:51:21","I agree to participate in the study",20,"Female",162,"Right","Laptop","Trackpad","No",NA,"Right","Yes",NA
"224254","2021-01-14_17h35.50.718","MacIntel",60,654.65348,0,30,TRUE,"2021-01-14 22:25:54","2021-01-14 22:47:41","IP Address",100,1307,TRUE,"2021-01-14 22:47:42","I agree to participate in the study",18,"Female",170,"Right","Laptop","Trackpad","No",NA,"Right",NA,NA
"224458","2021-01-15_17h53.51.321","Win32",60,553.16014,2,60,TRUE,"2021-01-15 22:44:40","2021-01-15 23:03:58","IP Address",100,1157,TRUE,"2021-01-15 23:03:58","I agree to participate in the study",20,"Male",190,"Right","PC","Mouse","No",NA,"Right","Yes",NA
"224638","2021-01-16_00h41.37.552","MacIntel",60,837.552,2,30,TRUE,"2021-01-16 05:38:38","2021-01-16 05:56:32","IP Address",100,1073,TRUE,"2021-01-16 05:56:32","I agree to participate in the study",20,"Female",163,"Right","Laptop","Trackpad","Yes","Yes","Right","No",NA
"224896","2021-01-14_19h32.50.803","Win32",60,706.521755,5,30,TRUE,"2021-01-15 00:16:34","2021-01-15 00:45:42","IP Address",100,1748,TRUE,"2021-01-15 00:45:43","I agree to participate in the study",33,"Female",160,"Left","Laptop","Mouse","Yes","Yes","Right",NA,NA
"225001","2021-01-20_22h22.06.648","MacIntel",60,1196.163,3,60,TRUE,"2021-01-21 03:17:47","2021-01-21 03:43:17","IP Address",100,1530,TRUE,"2021-01-21 03:43:18","I agree to participate in the study",19,"Female",173,"Right","Laptop","Trackpad","No",NA,"Right","Yes",NA
